<?xml version="1.0" encoding="UTF-8"?>
<GenRun Id="impl_1" LaunchPart="xc7z020clg484-1" LaunchTime="1695342849">
  <File Type="WBT-USG" Name="usage_statistics_webtalk.html"/>
  <File Type="BG-DRC" Name="Mux6to3.drc"/>
  <File Type="BG-BGN" Name="Mux6to3.bgn"/>
  <File Type="BITSTR-SYSDEF" Name="Mux6to3.sysdef"/>
  <File Type="BITSTR-LTX" Name="debug_nets.ltx"/>
  <File Type="BITSTR-LTX" Name="Mux6to3.ltx"/>
  <File Type="BITSTR-MMI" Name="Mux6to3.mmi"/>
  <File Type="BITSTR-BMM" Name="Mux6to3_bd.bmm"/>
  <File Type="BITSTR-NKY" Name="Mux6to3.nky"/>
  <File Type="BITSTR-RBT" Name="Mux6to3.rbt"/>
  <File Type="BITSTR-MSK" Name="Mux6to3.msk"/>
  <File Type="BG-BIN" Name="Mux6to3.bin"/>
  <File Type="BG-BIT" Name="Mux6to3.bit"/>
  <File Type="POSTROUTE-PHYSOPT-BUS-SKEW-RPX" Name="Mux6to3_bus_skew_postroute_physopted.rpx"/>
  <File Type="POSTROUTE-PHYSOPT-BUS-SKEW-PB" Name="Mux6to3_bus_skew_postroute_physopted.pb"/>
  <File Type="POSTROUTE-PHYSOPT-BUS-SKEW" Name="Mux6to3_bus_skew_postroute_physopted.rpt"/>
  <File Type="RDI-RDI" Name="Mux6to3.vdi"/>
  <File Type="POSTROUTE-PHYSOPT-TIMING-RPX" Name="Mux6to3_timing_summary_postroute_physopted.rpx"/>
  <File Type="POSTROUTE-PHYSOPT-TIMING-PB" Name="Mux6to3_timing_summary_postroute_physopted.pb"/>
  <File Type="POSTROUTE-PHYSOPT-TIMING" Name="Mux6to3_timing_summary_postroute_physopted.rpt"/>
  <File Type="POSTROUTE-PHYSOPT-BLACKBOX-DCP" Name="Mux6to3_postroute_physopt_bb.dcp"/>
  <File Type="POSTROUTE-PHYSOPT-DCP" Name="Mux6to3_postroute_physopt.dcp"/>
  <File Type="ROUTE-BUS-SKEW" Name="Mux6to3_bus_skew_routed.rpt"/>
  <File Type="ROUTE-CLK" Name="Mux6to3_clock_utilization_routed.rpt"/>
  <File Type="ROUTE-SIMILARITY" Name="Mux6to3_incremental_reuse_routed.rpt"/>
  <File Type="ROUTE-TIMING-RPX" Name="Mux6to3_timing_summary_routed.rpx"/>
  <File Type="ROUTE-TIMING-PB" Name="Mux6to3_timing_summary_routed.pb"/>
  <File Type="ROUTE-TIMINGSUMMARY" Name="Mux6to3_timing_summary_routed.rpt"/>
  <File Type="ROUTE-STATUS-PB" Name="Mux6to3_route_status.pb"/>
  <File Type="ROUTE-STATUS" Name="Mux6to3_route_status.rpt"/>
  <File Type="ROUTE-PWR-RPX" Name="Mux6to3_power_routed.rpx"/>
  <File Type="ROUTE-PWR-SUM" Name="Mux6to3_power_summary_routed.pb"/>
  <File Type="ROUTE-PWR" Name="Mux6to3_power_routed.rpt"/>
  <File Type="ROUTE-METHODOLOGY-DRC-PB" Name="Mux6to3_methodology_drc_routed.pb"/>
  <File Type="ROUTE-METHODOLOGY-DRC-RPX" Name="Mux6to3_methodology_drc_routed.rpx"/>
  <File Type="ROUTE-METHODOLOGY-DRC" Name="Mux6to3_methodology_drc_routed.rpt"/>
  <File Type="ROUTE-DRC-RPX" Name="Mux6to3_drc_routed.rpx"/>
  <File Type="ROUTE-DRC-PB" Name="Mux6to3_drc_routed.pb"/>
  <File Type="ROUTE-DRC" Name="Mux6to3_drc_routed.rpt"/>
  <File Type="ROUTE-BLACKBOX-DCP" Name="Mux6to3_routed_bb.dcp"/>
  <File Type="ROUTE-DCP" Name="Mux6to3_routed.dcp"/>
  <File Type="ROUTE-ERROR-DCP" Name="Mux6to3_routed_error.dcp"/>
  <File Type="PHYSOPT-TIMING" Name="Mux6to3_timing_summary_physopted.rpt"/>
  <File Type="PHYSOPT-DRC" Name="Mux6to3_drc_physopted.rpt"/>
  <File Type="PHYSOPT-DCP" Name="Mux6to3_physopt.dcp"/>
  <File Type="POSTPLACE-PWROPT-TIMING" Name="Mux6to3_timing_summary_postplace_pwropted.rpt"/>
  <File Type="POSTPLACE-PWROPT-DCP" Name="Mux6to3_postplace_pwropt.dcp"/>
  <File Type="PLACE-TIMING" Name="Mux6to3_timing_summary_placed.rpt"/>
  <File Type="PLACE-PRE-SIMILARITY" Name="Mux6to3_incremental_reuse_pre_placed.rpt"/>
  <File Type="PLACE-SIMILARITY" Name="Mux6to3_incremental_reuse_placed.rpt"/>
  <File Type="PLACE-CTRL" Name="Mux6to3_control_sets_placed.rpt"/>
  <File Type="PLACE-UTIL-PB" Name="Mux6to3_utilization_placed.pb"/>
  <File Type="PLACE-UTIL" Name="Mux6to3_utilization_placed.rpt"/>
  <File Type="PLACE-CLK" Name="Mux6to3_clock_utilization_placed.rpt"/>
  <File Type="PLACE-IO" Name="Mux6to3_io_placed.rpt"/>
  <File Type="PLACE-DCP" Name="Mux6to3_placed.dcp"/>
  <File Type="PWROPT-TIMING" Name="Mux6to3_timing_summary_pwropted.rpt"/>
  <File Type="PWROPT-DRC" Name="Mux6to3_drc_pwropted.rpt"/>
  <File Type="PWROPT-DCP" Name="Mux6to3_pwropt.dcp"/>
  <File Type="OPT-TIMING" Name="Mux6to3_timing_summary_opted.rpt"/>
  <File Type="OPT-HWDEF" Name="Mux6to3.hwdef"/>
  <File Type="OPT-METHODOLOGY-DRC" Name="Mux6to3_methodology_drc_opted.rpt"/>
  <File Type="OPT-DRC" Name="Mux6to3_drc_opted.rpt"/>
  <File Type="OPT-DCP" Name="Mux6to3_opt.dcp"/>
  <File Type="INIT-TIMING" Name="Mux6to3_timing_summary_init.rpt"/>
  <File Type="ROUTE-BUS-SKEW-RPX" Name="Mux6to3_bus_skew_routed.rpx"/>
  <File Type="REPORTS-TCL" Name="Mux6to3_reports.tcl"/>
  <File Type="ROUTE-BUS-SKEW-PB" Name="Mux6to3_bus_skew_routed.pb"/>
  <File Type="PA-TCL" Name="Mux6to3.tcl"/>
  <FileSet Name="sources" Type="DesignSrcs" RelSrcDir="$PSRCDIR/sources_1">
    <Filter Type="Srcs"/>
    <File Path="$PSRCDIR/sources_1/new/Mux6to3.v">
      <FileInfo>
        <Attr Name="UsedIn" Val="synthesis"/>
        <Attr Name="UsedIn" Val="implementation"/>
        <Attr Name="UsedIn" Val="simulation"/>
      </FileInfo>
    </File>
    <Config>
      <Option Name="DesignMode" Val="RTL"/>
      <Option Name="TopModule" Val="Mux6to3"/>
      <Option Name="TopAutoSet" Val="TRUE"/>
    </Config>
  </FileSet>
  <FileSet Name="constrs_in" Type="Constrs" RelSrcDir="$PSRCDIR/constrs_1">
    <Filter Type="Constrs"/>
    <File Path="$PSRCDIR/constrs_1/new/Mux6to3.xdc">
      <FileInfo>
        <Attr Name="UsedIn" Val="synthesis"/>
        <Attr Name="UsedIn" Val="implementation"/>
      </FileInfo>
    </File>
    <Config>
      <Option Name="TargetConstrsFile" Val="$PSRCDIR/constrs_1/new/Mux6to3.xdc"/>
      <Option Name="ConstrsType" Val="XDC"/>
    </Config>
  </FileSet>
  <FileSet Name="utils" Type="Utils" RelSrcDir="$PSRCDIR/utils_1">
    <Filter Type="Utils"/>
    <Config>
      <Option Name="TopAutoSet" Val="TRUE"/>
    </Config>
  </FileSet>
  <Strategy Version="1" Minor="2">
    <StratHandle Name="Vivado Implementation Defaults" Flow="Vivado Implementation 2019"/>
    <Step Id="init_design"/>
    <Step Id="opt_design"/>
    <Step Id="power_opt_design"/>
    <Step Id="place_design"/>
    <Step Id="post_place_power_opt_design"/>
    <Step Id="phys_opt_design"/>
    <Step Id="route_design"/>
    <Step Id="post_route_phys_opt_design"/>
    <Step Id="write_bitstream"/>
  </Strategy>
</GenRun>
