<?xml version="1.0" encoding="UTF-8"?>
<GenRun Id="TestProgram_util_vector_logic_1_0_synth_1" LaunchPart="xc7z020clg484-1" LaunchTime="1694639679">
  <File Type="VDS-TIMING-PB" Name="TestProgram_util_vector_logic_1_0_timing_summary_synth.pb"/>
  <File Type="VDS-TIMINGSUMMARY" Name="TestProgram_util_vector_logic_1_0_timing_summary_synth.rpt"/>
  <File Type="RDS-DCP" Name="TestProgram_util_vector_logic_1_0.dcp"/>
  <File Type="REPORTS-TCL" Name="TestProgram_util_vector_logic_1_0_reports.tcl"/>
  <File Type="PA-TCL" Name="TestProgram_util_vector_logic_1_0.tcl"/>
  <File Type="RDS-RDS" Name="TestProgram_util_vector_logic_1_0.vds"/>
  <File Type="RDS-PROPCONSTRS" Name="TestProgram_util_vector_logic_1_0_drc_synth.rpt"/>
  <File Type="RDS-UTIL" Name="TestProgram_util_vector_logic_1_0_utilization_synth.rpt"/>
  <File Type="RDS-UTIL-PB" Name="TestProgram_util_vector_logic_1_0_utilization_synth.pb"/>
  <FileSet Name="sources" Type="BlockSrcs" RelSrcDir="$PSRCDIR/TestProgram_util_vector_logic_1_0">
    <File Path="$PSRCDIR/sources_1/bd/TestProgram/ip/TestProgram_util_vector_logic_1_0/TestProgram_util_vector_logic_1_0.xci">
      <FileInfo>
        <Attr Name="ImportPath" Val="$PPRDIR/../Homework_1/Homework_1.srcs/sources_1/bd/TestProgram/ip/TestProgram_util_vector_logic_1_0/TestProgram_util_vector_logic_1_0.xci"/>
        <Attr Name="ImportTime" Val="1694639190"/>
        <Attr Name="UsedIn" Val="synthesis"/>
        <Attr Name="UsedIn" Val="implementation"/>
        <Attr Name="UsedIn" Val="simulation"/>
      </FileInfo>
    </File>
    <Config>
      <Option Name="TopModule" Val="TestProgram_util_vector_logic_1_0"/>
      <Option Name="UseBlackboxStub" Val="1"/>
    </Config>
  </FileSet>
  <FileSet Name="constrs_in" Type="BlockSrcs" RelSrcDir="$PSRCDIR/TestProgram_util_vector_logic_1_0">
    <File Path="$PSRCDIR/sources_1/bd/TestProgram/ip/TestProgram_util_vector_logic_1_0/TestProgram_util_vector_logic_1_0.xci">
      <FileInfo>
        <Attr Name="ImportPath" Val="$PPRDIR/../Homework_1/Homework_1.srcs/sources_1/bd/TestProgram/ip/TestProgram_util_vector_logic_1_0/TestProgram_util_vector_logic_1_0.xci"/>
        <Attr Name="ImportTime" Val="1694639190"/>
        <Attr Name="UsedIn" Val="synthesis"/>
        <Attr Name="UsedIn" Val="implementation"/>
        <Attr Name="UsedIn" Val="simulation"/>
      </FileInfo>
    </File>
    <Config>
      <Option Name="TopModule" Val="TestProgram_util_vector_logic_1_0"/>
      <Option Name="UseBlackboxStub" Val="1"/>
    </Config>
  </FileSet>
  <FileSet Name="utils" Type="Utils" RelSrcDir="$PSRCDIR/utils_1">
    <Filter Type="Utils"/>
    <Config>
      <Option Name="TopAutoSet" Val="TRUE"/>
    </Config>
  </FileSet>
  <Strategy Version="1" Minor="2">
    <StratHandle Name="Vivado Synthesis Defaults" Flow="Vivado Synthesis 2019">
      <Desc>Vivado Synthesis Defaults</Desc>
    </StratHandle>
    <Step Id="synth_design"/>
  </Strategy>
</GenRun>
