<?xml version="1.0" encoding="UTF-8"?>
<GenRun Id="impl_1" LaunchPart="xc7z020clg484-1" LaunchTime="1695343768">
  <File Type="WBT-USG" Name="usage_statistics_webtalk.html"/>
  <File Type="BG-DRC" Name="CarryLookAheadAdder.drc"/>
  <File Type="BG-BGN" Name="CarryLookAheadAdder.bgn"/>
  <File Type="BITSTR-SYSDEF" Name="CarryLookAheadAdder.sysdef"/>
  <File Type="BITSTR-LTX" Name="debug_nets.ltx"/>
  <File Type="BITSTR-LTX" Name="CarryLookAheadAdder.ltx"/>
  <File Type="BITSTR-MMI" Name="CarryLookAheadAdder.mmi"/>
  <File Type="BITSTR-BMM" Name="CarryLookAheadAdder_bd.bmm"/>
  <File Type="BITSTR-NKY" Name="CarryLookAheadAdder.nky"/>
  <File Type="BITSTR-RBT" Name="CarryLookAheadAdder.rbt"/>
  <File Type="BITSTR-MSK" Name="CarryLookAheadAdder.msk"/>
  <File Type="BG-BIN" Name="CarryLookAheadAdder.bin"/>
  <File Type="BG-BIT" Name="CarryLookAheadAdder.bit"/>
  <File Type="POSTROUTE-PHYSOPT-BUS-SKEW-RPX" Name="CarryLookAheadAdder_bus_skew_postroute_physopted.rpx"/>
  <File Type="POSTROUTE-PHYSOPT-BUS-SKEW-PB" Name="CarryLookAheadAdder_bus_skew_postroute_physopted.pb"/>
  <File Type="POSTROUTE-PHYSOPT-BUS-SKEW" Name="CarryLookAheadAdder_bus_skew_postroute_physopted.rpt"/>
  <File Type="RDI-RDI" Name="CarryLookAheadAdder.vdi"/>
  <File Type="POSTROUTE-PHYSOPT-TIMING-RPX" Name="CarryLookAheadAdder_timing_summary_postroute_physopted.rpx"/>
  <File Type="POSTROUTE-PHYSOPT-TIMING-PB" Name="CarryLookAheadAdder_timing_summary_postroute_physopted.pb"/>
  <File Type="POSTROUTE-PHYSOPT-TIMING" Name="CarryLookAheadAdder_timing_summary_postroute_physopted.rpt"/>
  <File Type="POSTROUTE-PHYSOPT-BLACKBOX-DCP" Name="CarryLookAheadAdder_postroute_physopt_bb.dcp"/>
  <File Type="POSTROUTE-PHYSOPT-DCP" Name="CarryLookAheadAdder_postroute_physopt.dcp"/>
  <File Type="ROUTE-BUS-SKEW" Name="CarryLookAheadAdder_bus_skew_routed.rpt"/>
  <File Type="ROUTE-CLK" Name="CarryLookAheadAdder_clock_utilization_routed.rpt"/>
  <File Type="ROUTE-SIMILARITY" Name="CarryLookAheadAdder_incremental_reuse_routed.rpt"/>
  <File Type="ROUTE-TIMING-RPX" Name="CarryLookAheadAdder_timing_summary_routed.rpx"/>
  <File Type="ROUTE-TIMING-PB" Name="CarryLookAheadAdder_timing_summary_routed.pb"/>
  <File Type="ROUTE-TIMINGSUMMARY" Name="CarryLookAheadAdder_timing_summary_routed.rpt"/>
  <File Type="ROUTE-STATUS-PB" Name="CarryLookAheadAdder_route_status.pb"/>
  <File Type="ROUTE-STATUS" Name="CarryLookAheadAdder_route_status.rpt"/>
  <File Type="ROUTE-PWR-RPX" Name="CarryLookAheadAdder_power_routed.rpx"/>
  <File Type="ROUTE-PWR-SUM" Name="CarryLookAheadAdder_power_summary_routed.pb"/>
  <File Type="ROUTE-PWR" Name="CarryLookAheadAdder_power_routed.rpt"/>
  <File Type="ROUTE-METHODOLOGY-DRC-PB" Name="CarryLookAheadAdder_methodology_drc_routed.pb"/>
  <File Type="ROUTE-METHODOLOGY-DRC-RPX" Name="CarryLookAheadAdder_methodology_drc_routed.rpx"/>
  <File Type="ROUTE-METHODOLOGY-DRC" Name="CarryLookAheadAdder_methodology_drc_routed.rpt"/>
  <File Type="ROUTE-DRC-RPX" Name="CarryLookAheadAdder_drc_routed.rpx"/>
  <File Type="ROUTE-DRC-PB" Name="CarryLookAheadAdder_drc_routed.pb"/>
  <File Type="ROUTE-DRC" Name="CarryLookAheadAdder_drc_routed.rpt"/>
  <File Type="ROUTE-BLACKBOX-DCP" Name="CarryLookAheadAdder_routed_bb.dcp"/>
  <File Type="ROUTE-DCP" Name="CarryLookAheadAdder_routed.dcp"/>
  <File Type="ROUTE-ERROR-DCP" Name="CarryLookAheadAdder_routed_error.dcp"/>
  <File Type="PHYSOPT-TIMING" Name="CarryLookAheadAdder_timing_summary_physopted.rpt"/>
  <File Type="PHYSOPT-DRC" Name="CarryLookAheadAdder_drc_physopted.rpt"/>
  <File Type="PHYSOPT-DCP" Name="CarryLookAheadAdder_physopt.dcp"/>
  <File Type="POSTPLACE-PWROPT-TIMING" Name="CarryLookAheadAdder_timing_summary_postplace_pwropted.rpt"/>
  <File Type="POSTPLACE-PWROPT-DCP" Name="CarryLookAheadAdder_postplace_pwropt.dcp"/>
  <File Type="PLACE-TIMING" Name="CarryLookAheadAdder_timing_summary_placed.rpt"/>
  <File Type="PLACE-PRE-SIMILARITY" Name="CarryLookAheadAdder_incremental_reuse_pre_placed.rpt"/>
  <File Type="PLACE-SIMILARITY" Name="CarryLookAheadAdder_incremental_reuse_placed.rpt"/>
  <File Type="PLACE-CTRL" Name="CarryLookAheadAdder_control_sets_placed.rpt"/>
  <File Type="PLACE-UTIL-PB" Name="CarryLookAheadAdder_utilization_placed.pb"/>
  <File Type="PLACE-UTIL" Name="CarryLookAheadAdder_utilization_placed.rpt"/>
  <File Type="PLACE-CLK" Name="CarryLookAheadAdder_clock_utilization_placed.rpt"/>
  <File Type="PLACE-IO" Name="CarryLookAheadAdder_io_placed.rpt"/>
  <File Type="PLACE-DCP" Name="CarryLookAheadAdder_placed.dcp"/>
  <File Type="PWROPT-TIMING" Name="CarryLookAheadAdder_timing_summary_pwropted.rpt"/>
  <File Type="PWROPT-DRC" Name="CarryLookAheadAdder_drc_pwropted.rpt"/>
  <File Type="PWROPT-DCP" Name="CarryLookAheadAdder_pwropt.dcp"/>
  <File Type="OPT-TIMING" Name="CarryLookAheadAdder_timing_summary_opted.rpt"/>
  <File Type="OPT-HWDEF" Name="CarryLookAheadAdder.hwdef"/>
  <File Type="OPT-METHODOLOGY-DRC" Name="CarryLookAheadAdder_methodology_drc_opted.rpt"/>
  <File Type="OPT-DRC" Name="CarryLookAheadAdder_drc_opted.rpt"/>
  <File Type="OPT-DCP" Name="CarryLookAheadAdder_opt.dcp"/>
  <File Type="INIT-TIMING" Name="CarryLookAheadAdder_timing_summary_init.rpt"/>
  <File Type="ROUTE-BUS-SKEW-RPX" Name="CarryLookAheadAdder_bus_skew_routed.rpx"/>
  <File Type="REPORTS-TCL" Name="CarryLookAheadAdder_reports.tcl"/>
  <File Type="ROUTE-BUS-SKEW-PB" Name="CarryLookAheadAdder_bus_skew_routed.pb"/>
  <File Type="PA-TCL" Name="CarryLookAheadAdder.tcl"/>
  <FileSet Name="sources" Type="DesignSrcs" RelSrcDir="$PSRCDIR/sources_1">
    <Filter Type="Srcs"/>
    <File Path="$PSRCDIR/sources_1/new/CarryLookAheadAdder.v">
      <FileInfo>
        <Attr Name="UsedIn" Val="synthesis"/>
        <Attr Name="UsedIn" Val="implementation"/>
        <Attr Name="UsedIn" Val="simulation"/>
      </FileInfo>
    </File>
    <Config>
      <Option Name="DesignMode" Val="RTL"/>
      <Option Name="TopModule" Val="CarryLookAheadAdder"/>
      <Option Name="TopAutoSet" Val="TRUE"/>
    </Config>
  </FileSet>
  <FileSet Name="constrs_in" Type="Constrs" RelSrcDir="$PSRCDIR/constrs_1">
    <Filter Type="Constrs"/>
    <File Path="$PSRCDIR/constrs_1/new/CarryLookAheaderAdder.xdc">
      <FileInfo>
        <Attr Name="UsedIn" Val="synthesis"/>
        <Attr Name="UsedIn" Val="implementation"/>
      </FileInfo>
    </File>
    <Config>
      <Option Name="TargetConstrsFile" Val="$PSRCDIR/constrs_1/new/CarryLookAheaderAdder.xdc"/>
      <Option Name="ConstrsType" Val="XDC"/>
    </Config>
  </FileSet>
  <FileSet Name="utils" Type="Utils" RelSrcDir="$PSRCDIR/utils_1">
    <Filter Type="Utils"/>
    <Config>
      <Option Name="TopAutoSet" Val="TRUE"/>
    </Config>
  </FileSet>
  <Strategy Version="1" Minor="2">
    <StratHandle Name="Vivado Implementation Defaults" Flow="Vivado Implementation 2019"/>
    <Step Id="init_design"/>
    <Step Id="opt_design"/>
    <Step Id="power_opt_design"/>
    <Step Id="place_design"/>
    <Step Id="post_place_power_opt_design"/>
    <Step Id="phys_opt_design"/>
    <Step Id="route_design"/>
    <Step Id="post_route_phys_opt_design"/>
    <Step Id="write_bitstream"/>
  </Strategy>
</GenRun>
