<?xml version="1.0" encoding="UTF-8"?>
<GenRun Id="synth_1" LaunchPart="xc7z020clg484-1" LaunchTime="1694639787">
  <File Type="VDS-TIMING-PB" Name="TestProgram_wrapper_timing_summary_synth.pb"/>
  <File Type="VDS-TIMINGSUMMARY" Name="TestProgram_wrapper_timing_summary_synth.rpt"/>
  <File Type="RDS-DCP" Name="TestProgram_wrapper.dcp"/>
  <File Type="RDS-UTIL-PB" Name="TestProgram_wrapper_utilization_synth.pb"/>
  <File Type="RDS-UTIL" Name="TestProgram_wrapper_utilization_synth.rpt"/>
  <File Type="RDS-PROPCONSTRS" Name="TestProgram_wrapper_drc_synth.rpt"/>
  <File Type="RDS-RDS" Name="TestProgram_wrapper.vds"/>
  <File Type="REPORTS-TCL" Name="TestProgram_wrapper_reports.tcl"/>
  <File Type="PA-TCL" Name="TestProgram_wrapper.tcl"/>
  <FileSet Name="sources" Type="DesignSrcs" RelSrcDir="$PSRCDIR/sources_1">
    <Filter Type="Srcs"/>
    <File Path="$PSRCDIR/sources_1/bd/TestProgram/TestProgram.bd">
      <FileInfo>
        <Attr Name="ImportPath" Val="$PPRDIR/../Homework_1/Homework_1.srcs/sources_1/bd/TestProgram/TestProgram.bd"/>
        <Attr Name="ImportTime" Val="1694639190"/>
        <Attr Name="UsedIn" Val="synthesis"/>
        <Attr Name="UsedIn" Val="implementation"/>
        <Attr Name="UsedIn" Val="simulation"/>
      </FileInfo>
    </File>
    <File Path="$PSRCDIR/sources_1/bd/TestProgram/hdl/TestProgram_wrapper.v">
      <FileInfo>
        <Attr Name="ImportPath" Val="$PPRDIR/../Homework_1/Homework_1.srcs/sources_1/bd/TestProgram/hdl/TestProgram_wrapper.v"/>
        <Attr Name="ImportTime" Val="1694639677"/>
        <Attr Name="UsedIn" Val="synthesis"/>
        <Attr Name="UsedIn" Val="implementation"/>
        <Attr Name="UsedIn" Val="simulation"/>
      </FileInfo>
    </File>
    <Config>
      <Option Name="DesignMode" Val="RTL"/>
      <Option Name="TopModule" Val="TestProgram_wrapper"/>
      <Option Name="TopAutoSet" Val="TRUE"/>
    </Config>
  </FileSet>
  <FileSet Name="constrs_in" Type="Constrs" RelSrcDir="$PSRCDIR/constrs_1">
    <Filter Type="Constrs"/>
    <File Path="$PSRCDIR/constrs_1/new/TestConstraint.xdc">
      <FileInfo>
        <Attr Name="ImportPath" Val="$PPRDIR/../Homework_1/Homework_1.srcs/constrs_1/new/TestConstraint.xdc"/>
        <Attr Name="ImportTime" Val="1694639635"/>
        <Attr Name="UsedIn" Val="synthesis"/>
        <Attr Name="UsedIn" Val="implementation"/>
      </FileInfo>
    </File>
    <Config>
      <Option Name="ConstrsType" Val="XDC"/>
    </Config>
  </FileSet>
  <FileSet Name="utils" Type="Utils" RelSrcDir="$PSRCDIR/utils_1">
    <Filter Type="Utils"/>
    <Config>
      <Option Name="TopAutoSet" Val="TRUE"/>
    </Config>
  </FileSet>
  <Strategy Version="1" Minor="2">
    <StratHandle Name="Vivado Synthesis Defaults" Flow="Vivado Synthesis 2019">
      <Desc>Vivado Synthesis Defaults</Desc>
    </StratHandle>
    <Step Id="synth_design"/>
  </Strategy>
  <BlockFileSet Type="BlockSrcs" Name="TestProgram_util_vector_logic_1_0"/>
  <BlockFileSet Type="BlockSrcs" Name="TestProgram_util_vector_logic_0_0"/>
</GenRun>
