<?xml version="1.0" encoding="UTF-8"?>
<GenRun Id="impl_1" LaunchPart="xc7z020clg484-1" LaunchTime="1695951756">
  <File Type="WBT-USG" Name="usage_statistics_webtalk.html"/>
  <File Type="BG-DRC" Name="IC74138.drc"/>
  <File Type="BG-BGN" Name="IC74138.bgn"/>
  <File Type="BITSTR-SYSDEF" Name="IC74138.sysdef"/>
  <File Type="BITSTR-LTX" Name="debug_nets.ltx"/>
  <File Type="BITSTR-LTX" Name="IC74138.ltx"/>
  <File Type="BITSTR-MMI" Name="IC74138.mmi"/>
  <File Type="BITSTR-BMM" Name="IC74138_bd.bmm"/>
  <File Type="BITSTR-NKY" Name="IC74138.nky"/>
  <File Type="BITSTR-RBT" Name="IC74138.rbt"/>
  <File Type="BITSTR-MSK" Name="IC74138.msk"/>
  <File Type="BG-BIN" Name="IC74138.bin"/>
  <File Type="BG-BIT" Name="IC74138.bit"/>
  <File Type="POSTROUTE-PHYSOPT-BUS-SKEW-RPX" Name="IC74138_bus_skew_postroute_physopted.rpx"/>
  <File Type="POSTROUTE-PHYSOPT-BUS-SKEW-PB" Name="IC74138_bus_skew_postroute_physopted.pb"/>
  <File Type="POSTROUTE-PHYSOPT-BUS-SKEW" Name="IC74138_bus_skew_postroute_physopted.rpt"/>
  <File Type="RDI-RDI" Name="IC74138.vdi"/>
  <File Type="POSTROUTE-PHYSOPT-TIMING-RPX" Name="IC74138_timing_summary_postroute_physopted.rpx"/>
  <File Type="POSTROUTE-PHYSOPT-TIMING-PB" Name="IC74138_timing_summary_postroute_physopted.pb"/>
  <File Type="POSTROUTE-PHYSOPT-TIMING" Name="IC74138_timing_summary_postroute_physopted.rpt"/>
  <File Type="POSTROUTE-PHYSOPT-BLACKBOX-DCP" Name="IC74138_postroute_physopt_bb.dcp"/>
  <File Type="POSTROUTE-PHYSOPT-DCP" Name="IC74138_postroute_physopt.dcp"/>
  <File Type="ROUTE-BUS-SKEW" Name="IC74138_bus_skew_routed.rpt"/>
  <File Type="ROUTE-CLK" Name="IC74138_clock_utilization_routed.rpt"/>
  <File Type="ROUTE-SIMILARITY" Name="IC74138_incremental_reuse_routed.rpt"/>
  <File Type="ROUTE-TIMING-RPX" Name="IC74138_timing_summary_routed.rpx"/>
  <File Type="ROUTE-TIMING-PB" Name="IC74138_timing_summary_routed.pb"/>
  <File Type="ROUTE-TIMINGSUMMARY" Name="IC74138_timing_summary_routed.rpt"/>
  <File Type="ROUTE-STATUS-PB" Name="IC74138_route_status.pb"/>
  <File Type="ROUTE-STATUS" Name="IC74138_route_status.rpt"/>
  <File Type="ROUTE-PWR-RPX" Name="IC74138_power_routed.rpx"/>
  <File Type="ROUTE-PWR-SUM" Name="IC74138_power_summary_routed.pb"/>
  <File Type="ROUTE-PWR" Name="IC74138_power_routed.rpt"/>
  <File Type="ROUTE-METHODOLOGY-DRC-PB" Name="IC74138_methodology_drc_routed.pb"/>
  <File Type="ROUTE-METHODOLOGY-DRC-RPX" Name="IC74138_methodology_drc_routed.rpx"/>
  <File Type="ROUTE-METHODOLOGY-DRC" Name="IC74138_methodology_drc_routed.rpt"/>
  <File Type="ROUTE-DRC-RPX" Name="IC74138_drc_routed.rpx"/>
  <File Type="ROUTE-DRC-PB" Name="IC74138_drc_routed.pb"/>
  <File Type="ROUTE-DRC" Name="IC74138_drc_routed.rpt"/>
  <File Type="ROUTE-BLACKBOX-DCP" Name="IC74138_routed_bb.dcp"/>
  <File Type="ROUTE-DCP" Name="IC74138_routed.dcp"/>
  <File Type="ROUTE-ERROR-DCP" Name="IC74138_routed_error.dcp"/>
  <File Type="PHYSOPT-TIMING" Name="IC74138_timing_summary_physopted.rpt"/>
  <File Type="PHYSOPT-DRC" Name="IC74138_drc_physopted.rpt"/>
  <File Type="PHYSOPT-DCP" Name="IC74138_physopt.dcp"/>
  <File Type="POSTPLACE-PWROPT-TIMING" Name="IC74138_timing_summary_postplace_pwropted.rpt"/>
  <File Type="POSTPLACE-PWROPT-DCP" Name="IC74138_postplace_pwropt.dcp"/>
  <File Type="PLACE-TIMING" Name="IC74138_timing_summary_placed.rpt"/>
  <File Type="PLACE-PRE-SIMILARITY" Name="IC74138_incremental_reuse_pre_placed.rpt"/>
  <File Type="PLACE-SIMILARITY" Name="IC74138_incremental_reuse_placed.rpt"/>
  <File Type="PLACE-CTRL" Name="IC74138_control_sets_placed.rpt"/>
  <File Type="PLACE-UTIL-PB" Name="IC74138_utilization_placed.pb"/>
  <File Type="PLACE-UTIL" Name="IC74138_utilization_placed.rpt"/>
  <File Type="PLACE-CLK" Name="IC74138_clock_utilization_placed.rpt"/>
  <File Type="PLACE-IO" Name="IC74138_io_placed.rpt"/>
  <File Type="PLACE-DCP" Name="IC74138_placed.dcp"/>
  <File Type="PWROPT-TIMING" Name="IC74138_timing_summary_pwropted.rpt"/>
  <File Type="PWROPT-DRC" Name="IC74138_drc_pwropted.rpt"/>
  <File Type="PWROPT-DCP" Name="IC74138_pwropt.dcp"/>
  <File Type="OPT-TIMING" Name="IC74138_timing_summary_opted.rpt"/>
  <File Type="OPT-HWDEF" Name="IC74138.hwdef"/>
  <File Type="OPT-METHODOLOGY-DRC" Name="IC74138_methodology_drc_opted.rpt"/>
  <File Type="OPT-DRC" Name="IC74138_drc_opted.rpt"/>
  <File Type="OPT-DCP" Name="IC74138_opt.dcp"/>
  <File Type="INIT-TIMING" Name="IC74138_timing_summary_init.rpt"/>
  <File Type="ROUTE-BUS-SKEW-RPX" Name="IC74138_bus_skew_routed.rpx"/>
  <File Type="REPORTS-TCL" Name="IC74138_reports.tcl"/>
  <File Type="ROUTE-BUS-SKEW-PB" Name="IC74138_bus_skew_routed.pb"/>
  <File Type="PA-TCL" Name="IC74138.tcl"/>
  <FileSet Name="sources" Type="DesignSrcs" RelSrcDir="$PSRCDIR/sources_1">
    <Filter Type="Srcs"/>
    <File Path="$PPRDIR/../Decoder3to8/Decoder3to8.srcs/sources_1/new/Decoder3to8.v">
      <FileInfo>
        <Attr Name="UsedIn" Val="synthesis"/>
        <Attr Name="UsedIn" Val="implementation"/>
        <Attr Name="UsedIn" Val="simulation"/>
      </FileInfo>
    </File>
    <File Path="$PSRCDIR/sources_1/new/IC74138.v">
      <FileInfo>
        <Attr Name="UsedIn" Val="synthesis"/>
        <Attr Name="UsedIn" Val="implementation"/>
        <Attr Name="UsedIn" Val="simulation"/>
      </FileInfo>
    </File>
    <Config>
      <Option Name="DesignMode" Val="RTL"/>
      <Option Name="TopModule" Val="IC74138"/>
      <Option Name="TopAutoSet" Val="TRUE"/>
    </Config>
  </FileSet>
  <FileSet Name="constrs_in" Type="Constrs" RelSrcDir="$PSRCDIR/constrs_1">
    <Filter Type="Constrs"/>
    <File Path="$PSRCDIR/constrs_1/new/IC74138.xdc">
      <FileInfo>
        <Attr Name="UsedIn" Val="synthesis"/>
        <Attr Name="UsedIn" Val="implementation"/>
      </FileInfo>
    </File>
    <Config>
      <Option Name="ConstrsType" Val="XDC"/>
    </Config>
  </FileSet>
  <FileSet Name="utils" Type="Utils" RelSrcDir="$PSRCDIR/utils_1">
    <Filter Type="Utils"/>
    <Config>
      <Option Name="TopAutoSet" Val="TRUE"/>
    </Config>
  </FileSet>
  <Strategy Version="1" Minor="2">
    <StratHandle Name="Vivado Implementation Defaults" Flow="Vivado Implementation 2019"/>
    <Step Id="init_design"/>
    <Step Id="opt_design"/>
    <Step Id="power_opt_design"/>
    <Step Id="place_design"/>
    <Step Id="post_place_power_opt_design"/>
    <Step Id="phys_opt_design"/>
    <Step Id="route_design"/>
    <Step Id="post_route_phys_opt_design"/>
    <Step Id="write_bitstream"/>
  </Strategy>
</GenRun>
