<?xml version="1.0" encoding="UTF-8"?>
<GenRun Id="synth_1" LaunchPart="xc7z020clg484-1" LaunchTime="1694644290">
  <File Type="VDS-TIMING-PB" Name="tutorial_timing_summary_synth.pb"/>
  <File Type="VDS-TIMINGSUMMARY" Name="tutorial_timing_summary_synth.rpt"/>
  <File Type="RDS-DCP" Name="tutorial.dcp"/>
  <File Type="RDS-UTIL-PB" Name="tutorial_utilization_synth.pb"/>
  <File Type="RDS-UTIL" Name="tutorial_utilization_synth.rpt"/>
  <File Type="RDS-PROPCONSTRS" Name="tutorial_drc_synth.rpt"/>
  <File Type="RDS-RDS" Name="tutorial.vds"/>
  <File Type="REPORTS-TCL" Name="tutorial_reports.tcl"/>
  <File Type="PA-TCL" Name="tutorial.tcl"/>
  <FileSet Name="sources" Type="DesignSrcs" RelSrcDir="$PSRCDIR/sources_1">
    <Filter Type="Srcs"/>
    <File Path="$PSRCDIR/sources_1/new/testFile.v">
      <FileInfo>
        <Attr Name="ImportPath" Val="$PPRDIR/../testProject2/testProject2.srcs/sources_1/new/testFile.v"/>
        <Attr Name="ImportTime" Val="1694642842"/>
        <Attr Name="UsedIn" Val="synthesis"/>
        <Attr Name="UsedIn" Val="implementation"/>
        <Attr Name="UsedIn" Val="simulation"/>
      </FileInfo>
    </File>
    <Config>
      <Option Name="DesignMode" Val="RTL"/>
      <Option Name="TopModule" Val="tutorial"/>
      <Option Name="TopAutoSet" Val="TRUE"/>
    </Config>
  </FileSet>
  <FileSet Name="constrs_in" Type="Constrs" RelSrcDir="$PSRCDIR/constrs_1">
    <Filter Type="Constrs"/>
    <File Path="$PSRCDIR/constrs_1/new/testProject2.xdc">
      <FileInfo>
        <Attr Name="ImportPath" Val="$PPRDIR/../testProject2/testProject2.srcs/constrs_1/new/testProject2.xdc"/>
        <Attr Name="ImportTime" Val="1694644265"/>
        <Attr Name="UsedIn" Val="synthesis"/>
        <Attr Name="UsedIn" Val="implementation"/>
      </FileInfo>
    </File>
    <Config>
      <Option Name="TargetConstrsFile" Val="$PSRCDIR/constrs_1/new/testProject2.xdc"/>
      <Option Name="ConstrsType" Val="XDC"/>
    </Config>
  </FileSet>
  <FileSet Name="utils" Type="Utils" RelSrcDir="$PSRCDIR/utils_1">
    <Filter Type="Utils"/>
    <Config>
      <Option Name="TopAutoSet" Val="TRUE"/>
    </Config>
  </FileSet>
  <Strategy Version="1" Minor="2">
    <StratHandle Name="Vivado Synthesis Defaults" Flow="Vivado Synthesis 2019">
      <Desc>Vivado Synthesis Defaults</Desc>
    </StratHandle>
    <Step Id="synth_design"/>
  </Strategy>
</GenRun>
