<?xml version="1.0" encoding="UTF-8"?>
<GenRun Id="impl_1" LaunchPart="xc7z020clg484-1" LaunchTime="1694644376">
  <File Type="WBT-USG" Name="usage_statistics_webtalk.html"/>
  <File Type="BG-DRC" Name="tutorial.drc"/>
  <File Type="BG-BGN" Name="tutorial.bgn"/>
  <File Type="BITSTR-SYSDEF" Name="tutorial.sysdef"/>
  <File Type="BITSTR-LTX" Name="debug_nets.ltx"/>
  <File Type="BITSTR-LTX" Name="tutorial.ltx"/>
  <File Type="BITSTR-MMI" Name="tutorial.mmi"/>
  <File Type="BITSTR-BMM" Name="tutorial_bd.bmm"/>
  <File Type="BITSTR-NKY" Name="tutorial.nky"/>
  <File Type="BITSTR-RBT" Name="tutorial.rbt"/>
  <File Type="BITSTR-MSK" Name="tutorial.msk"/>
  <File Type="BG-BIN" Name="tutorial.bin"/>
  <File Type="BG-BIT" Name="tutorial.bit"/>
  <File Type="POSTROUTE-PHYSOPT-BUS-SKEW-RPX" Name="tutorial_bus_skew_postroute_physopted.rpx"/>
  <File Type="POSTROUTE-PHYSOPT-BUS-SKEW-PB" Name="tutorial_bus_skew_postroute_physopted.pb"/>
  <File Type="RDI-RDI" Name="tutorial.vdi"/>
  <File Type="POSTROUTE-PHYSOPT-TIMING-RPX" Name="tutorial_timing_summary_postroute_physopted.rpx"/>
  <File Type="POSTROUTE-PHYSOPT-TIMING-PB" Name="tutorial_timing_summary_postroute_physopted.pb"/>
  <File Type="POSTROUTE-PHYSOPT-TIMING" Name="tutorial_timing_summary_postroute_physopted.rpt"/>
  <File Type="POSTROUTE-PHYSOPT-BLACKBOX-DCP" Name="tutorial_postroute_physopt_bb.dcp"/>
  <File Type="POSTROUTE-PHYSOPT-DCP" Name="tutorial_postroute_physopt.dcp"/>
  <File Type="ROUTE-BUS-SKEW" Name="tutorial_bus_skew_routed.rpt"/>
  <File Type="ROUTE-CLK" Name="tutorial_clock_utilization_routed.rpt"/>
  <File Type="ROUTE-SIMILARITY" Name="tutorial_incremental_reuse_routed.rpt"/>
  <File Type="ROUTE-TIMING-RPX" Name="tutorial_timing_summary_routed.rpx"/>
  <File Type="ROUTE-TIMING-PB" Name="tutorial_timing_summary_routed.pb"/>
  <File Type="ROUTE-TIMINGSUMMARY" Name="tutorial_timing_summary_routed.rpt"/>
  <File Type="ROUTE-STATUS-PB" Name="tutorial_route_status.pb"/>
  <File Type="ROUTE-STATUS" Name="tutorial_route_status.rpt"/>
  <File Type="ROUTE-PWR-RPX" Name="tutorial_power_routed.rpx"/>
  <File Type="ROUTE-PWR-SUM" Name="tutorial_power_summary_routed.pb"/>
  <File Type="ROUTE-PWR" Name="tutorial_power_routed.rpt"/>
  <File Type="ROUTE-METHODOLOGY-DRC-PB" Name="tutorial_methodology_drc_routed.pb"/>
  <File Type="ROUTE-METHODOLOGY-DRC-RPX" Name="tutorial_methodology_drc_routed.rpx"/>
  <File Type="ROUTE-METHODOLOGY-DRC" Name="tutorial_methodology_drc_routed.rpt"/>
  <File Type="ROUTE-DRC-RPX" Name="tutorial_drc_routed.rpx"/>
  <File Type="ROUTE-DRC-PB" Name="tutorial_drc_routed.pb"/>
  <File Type="ROUTE-DRC" Name="tutorial_drc_routed.rpt"/>
  <File Type="ROUTE-BLACKBOX-DCP" Name="tutorial_routed_bb.dcp"/>
  <File Type="ROUTE-DCP" Name="tutorial_routed.dcp"/>
  <File Type="ROUTE-ERROR-DCP" Name="tutorial_routed_error.dcp"/>
  <File Type="PHYSOPT-TIMING" Name="tutorial_timing_summary_physopted.rpt"/>
  <File Type="PHYSOPT-DRC" Name="tutorial_drc_physopted.rpt"/>
  <File Type="PHYSOPT-DCP" Name="tutorial_physopt.dcp"/>
  <File Type="POSTPLACE-PWROPT-TIMING" Name="tutorial_timing_summary_postplace_pwropted.rpt"/>
  <File Type="POSTPLACE-PWROPT-DCP" Name="tutorial_postplace_pwropt.dcp"/>
  <File Type="PLACE-TIMING" Name="tutorial_timing_summary_placed.rpt"/>
  <File Type="PLACE-PRE-SIMILARITY" Name="tutorial_incremental_reuse_pre_placed.rpt"/>
  <File Type="PLACE-SIMILARITY" Name="tutorial_incremental_reuse_placed.rpt"/>
  <File Type="PLACE-CTRL" Name="tutorial_control_sets_placed.rpt"/>
  <File Type="PLACE-UTIL-PB" Name="tutorial_utilization_placed.pb"/>
  <File Type="PLACE-UTIL" Name="tutorial_utilization_placed.rpt"/>
  <File Type="PLACE-CLK" Name="tutorial_clock_utilization_placed.rpt"/>
  <File Type="PLACE-IO" Name="tutorial_io_placed.rpt"/>
  <File Type="PLACE-DCP" Name="tutorial_placed.dcp"/>
  <File Type="PWROPT-TIMING" Name="tutorial_timing_summary_pwropted.rpt"/>
  <File Type="PWROPT-DRC" Name="tutorial_drc_pwropted.rpt"/>
  <File Type="PWROPT-DCP" Name="tutorial_pwropt.dcp"/>
  <File Type="OPT-TIMING" Name="tutorial_timing_summary_opted.rpt"/>
  <File Type="OPT-HWDEF" Name="tutorial.hwdef"/>
  <File Type="OPT-METHODOLOGY-DRC" Name="tutorial_methodology_drc_opted.rpt"/>
  <File Type="OPT-DRC" Name="tutorial_drc_opted.rpt"/>
  <File Type="OPT-DCP" Name="tutorial_opt.dcp"/>
  <File Type="INIT-TIMING" Name="tutorial_timing_summary_init.rpt"/>
  <File Type="ROUTE-BUS-SKEW-RPX" Name="tutorial_bus_skew_routed.rpx"/>
  <File Type="REPORTS-TCL" Name="tutorial_reports.tcl"/>
  <File Type="ROUTE-BUS-SKEW-PB" Name="tutorial_bus_skew_routed.pb"/>
  <File Type="PA-TCL" Name="tutorial.tcl"/>
  <File Type="POSTROUTE-PHYSOPT-BUS-SKEW" Name="tutorial_bus_skew_postroute_physopted.rpt"/>
  <File Type="PA-DCP" Name="tutorial.dcp"/>
  <FileSet Name="sources" Type="DesignSrcs" RelSrcDir="$PSRCDIR/sources_1">
    <Filter Type="Srcs"/>
    <File Path="$PSRCDIR/sources_1/new/testFile.v">
      <FileInfo>
        <Attr Name="ImportPath" Val="$PPRDIR/../testProject2/testProject2.srcs/sources_1/new/testFile.v"/>
        <Attr Name="ImportTime" Val="1694642842"/>
        <Attr Name="UsedIn" Val="synthesis"/>
        <Attr Name="UsedIn" Val="implementation"/>
        <Attr Name="UsedIn" Val="simulation"/>
      </FileInfo>
    </File>
    <Config>
      <Option Name="DesignMode" Val="RTL"/>
      <Option Name="TopModule" Val="tutorial"/>
      <Option Name="TopAutoSet" Val="TRUE"/>
    </Config>
  </FileSet>
  <FileSet Name="constrs_in" Type="Constrs" RelSrcDir="$PSRCDIR/constrs_1">
    <Filter Type="Constrs"/>
    <File Path="$PSRCDIR/constrs_1/new/testProject2.xdc">
      <FileInfo>
        <Attr Name="ImportPath" Val="$PPRDIR/../testProject2/testProject2.srcs/constrs_1/new/testProject2.xdc"/>
        <Attr Name="ImportTime" Val="1694644265"/>
        <Attr Name="UsedIn" Val="synthesis"/>
        <Attr Name="UsedIn" Val="implementation"/>
      </FileInfo>
    </File>
    <Config>
      <Option Name="TargetConstrsFile" Val="$PSRCDIR/constrs_1/new/testProject2.xdc"/>
      <Option Name="ConstrsType" Val="XDC"/>
    </Config>
  </FileSet>
  <FileSet Name="utils" Type="Utils" RelSrcDir="$PSRCDIR/utils_1">
    <Filter Type="Utils"/>
    <Config>
      <Option Name="TopAutoSet" Val="TRUE"/>
    </Config>
  </FileSet>
  <Strategy Version="1" Minor="2">
    <StratHandle Name="Vivado Implementation Defaults" Flow="Vivado Implementation 2019">
      <Desc>Default settings for Implementation.</Desc>
    </StratHandle>
    <Step Id="init_design"/>
    <Step Id="opt_design"/>
    <Step Id="power_opt_design"/>
    <Step Id="place_design"/>
    <Step Id="post_place_power_opt_design"/>
    <Step Id="phys_opt_design"/>
    <Step Id="route_design"/>
    <Step Id="post_route_phys_opt_design"/>
    <Step Id="write_bitstream"/>
  </Strategy>
</GenRun>
